liquid,symbol0,symbol1,reserve0,reserve1,token0,token1,pairAddress,lastBlock
Y,DAI,DZAR,0.163466460526296427,0.15123,0x94Ba7A27c7A95863d1bdC7645AC2951E0cca06bA,0xBfF749Fa790D4Cbb789a63B5e5173E3F877aD237,0x82d5B82514962c1BCe2C6F020861958E5d432158,1635834715
-,FC,FFU,0.000000999667777076,3001.0,0x342f67F134d22878540423DE734C025C9BBa1408,0xBf5D6570a8B0245fADf2f2111e2AB6F4342fE62C,0xcaf460cbb0f85A4102bfF18D1b34b23804e96DA0,1601462855
Y,WFUSE,FFU,1.846195631687917089,54.923183440292479704,0x0BE9e53fd7EDaC9F859882AfdDa116645287C629,0xBf5D6570a8B0245fADf2f2111e2AB6F4342fE62C,0x63C97778FE03E64F9Bd5c4a1004E87B7D3C1F53d,1633347335
Y,WFUSE,ABC,1.005040246367242431,995.0,0x0BE9e53fd7EDaC9F859882AfdDa116645287C629,0x0EBEFF91eaF6cc8c60fb178c5ec2dD75ceB4daA4,0xaD066CcEcDC96Bc0AE0394943899Fe0d049C4B24,1601482045
Y,WFUSE,DAI,199.441131373463584375,18.873952574397770308,0x0BE9e53fd7EDaC9F859882AfdDa116645287C629,0x94Ba7A27c7A95863d1bdC7645AC2951E0cca06bA,0x6cF952247f270BDd28d96200D8F97eF0f8F8E090,1635834590
Y,USDC,WETHD,448.062182,0.107334103371647063,0x620fd5fa44BE6af63715Ef4E65DDFA0387aD13F5,0xd8Bf72f3e163B9CF0C73dFdCC316417A5ac20670,0x20a680D69a5aE2677B8CF43aBF63aAD6D8d5119A,1635835170
N,DAI,WETHD,0.000000000000035784,0.000000000000000029,0x94Ba7A27c7A95863d1bdC7645AC2951E0cca06bA,0xd8Bf72f3e163B9CF0C73dFdCC316417A5ac20670,0xDeCdcb2B9019bdAB10808031e16DB2fDD154A726,1610800225
Y,WFUSE,USDC,11894.084898599691821772,1060.033999,0x0BE9e53fd7EDaC9F859882AfdDa116645287C629,0x620fd5fa44BE6af63715Ef4E65DDFA0387aD13F5,0x9f17b1895633E855b8b1C1D0Ade9B3B72EB0590C,1635840620
Y,WFUSE,DZAR,4.632550170405471981,0.404269,0x0BE9e53fd7EDaC9F859882AfdDa116645287C629,0xBfF749Fa790D4Cbb789a63B5e5173E3F877aD237,0x72e208fb04e2029810B22c72Bc3E2645E51db301,1635834715
N,WBTC,WETHD,0.00000001,0.000000007982139709,0x33284f95ccb7B948d9D352e1439561CF83d8d00d,0xd8Bf72f3e163B9CF0C73dFdCC316417A5ac20670,0x067A7db4B5a4291B79D999b8104021653be4611f,1633000980
Y,WFUSE,G$,10712.505835383946204427,5295179.82,0x0BE9e53fd7EDaC9F859882AfdDa116645287C629,0x495d133B938596C9984d462F007B676bDc57eCEC,0x8d441C2Ff54C015A1BE22ad88e5D42EFBEC6C7EF,1635838450
N,BC,DAI,0.000000000000070711,0.000000000000000015,0x371a0450e020348973c078F5a23719bF2acC4738,0x94Ba7A27c7A95863d1bdC7645AC2951E0cca06bA,0xB91b1BbEA9e95F1c2Ff7e9f51EB6794B5f25545A,1605153405
N,WFUSE,EURS,0.000000031622776604,0.01,0x0BE9e53fd7EDaC9F859882AfdDa116645287C629,0x5F6b24e0b1dD52cb958B8EA06285149cc8670F2a,0x8632b5355926bD6B9ad8a7BCF85444666Bd17b66,1604917475
Y,USDC,USDT,51.344672,53.55561,0x620fd5fa44BE6af63715Ef4E65DDFA0387aD13F5,0xFaDbBF8Ce7D5b7041bE672561bbA99f79c532e10,0x55251a974ad10ed5BB5d48688EB544c29c99800A,1635835210
Y,DAI,USDT,117.924892762307658732,115.388764,0x94Ba7A27c7A95863d1bdC7645AC2951E0cca06bA,0xFaDbBF8Ce7D5b7041bE672561bbA99f79c532e10,0x38EBDa3998815dAD9c01Eb0Becfb937F4C3E5461,1635832225
Y,WFUSE,WETHD,58619.264956184931388796,1.254311379815717149,0x0BE9e53fd7EDaC9F859882AfdDa116645287C629,0xd8Bf72f3e163B9CF0C73dFdCC316417A5ac20670,0xa856d3C54f4aBA183b0cFbCf234ABFe787541b8a,1635835170
N,WFUSE,PRV,0.1001,0.999003993018960097,0x0BE9e53fd7EDaC9F859882AfdDa116645287C629,0xA03e5bB128526E3BF6BA2320A160Dc24064bfa20,0x7698B11CF172ebA47070a2A5f7cC8cA599e3bFeC,1606558720
-,RED,BLUE,0.000000000000000456,0.000000000000002198,0x074F072412d4aCf8f9faf78288D303b2623F6A26,0x989aB59727c787e3248818685fCFa281cecA47e2,0x019672F9a005309EB048ecC48E6bf8350376786B,1610656630
N,WFUSE,FBS,0.000000000000009724,0.000000000000000103,0x0BE9e53fd7EDaC9F859882AfdDa116645287C629,0x904336Da801B47222DF71CC5Ba22959c91d065e3,0xD578FFAaCd20C1863FacfeD7c405acd2eC94f340,1606893445
Y,DAI,NONC,1.096907310809540648,364.760496282863318557,0x94Ba7A27c7A95863d1bdC7645AC2951E0cca06bA,0xcfcB00fA77b85a2501f26Bd783D284c79084b3B1,0x08aF33bA0fD3c4D001dc157824C1c3f68374e9D7,1623911110
N,USDC,DAI,0.017398,0.017250275201284553,0x620fd5fa44BE6af63715Ef4E65DDFA0387aD13F5,0x94Ba7A27c7A95863d1bdC7645AC2951E0cca06bA,0x1756609712D08a85BA9390DB5D357F0CCf800a3C,1635725345
Y,G$,DAI,3883.85,0.74070450169279251,0x495d133B938596C9984d462F007B676bDc57eCEC,0x94Ba7A27c7A95863d1bdC7645AC2951E0cca06bA,0x10a62cdd0386fC3754301594CCeEd4b937982C6F,1635834715
Y,WFUSE,USDT,554606.108319680500400672,51793.152656,0x0BE9e53fd7EDaC9F859882AfdDa116645287C629,0xFaDbBF8Ce7D5b7041bE672561bbA99f79c532e10,0x8a81984D2DF356B49d182910bbB935897450d7e8,1635835230
N,WFUSE,OJP,0.000000000000001,0.000000000000001,0x0BE9e53fd7EDaC9F859882AfdDa116645287C629,0x8b595A7d5aF0824dACb4E146D8Ff1290bBf058a4,0x3940faf69e10Ac8E6Ef7ea8b1a87329aCC20d46f,1607520810
-,URI,OJP,100.1,99.900399301896009679,0x693009ecb135404a1b199903E69a55dC70c4D8dE,0x8b595A7d5aF0824dACb4E146D8Ff1290bBf058a4,0xf95eA120E2833EaeBb1DC892Bda6dEc1e29d0b30,1608247190
N,USDC,BEAR,0.007684,0.0131,0x620fd5fa44BE6af63715Ef4E65DDFA0387aD13F5,0xe49d98F13520a5e2314a8F905875eC9Ec7dda882,0x23E29dc0c59A341754D9B0810cF9A5c45EF7613f,1633347020
Y,ATC,WFUSE,105.0,9.52517026241844073,0x02b051F53Ec8D5480e72F6cef3421fF4D9A6715b,0x0BE9e53fd7EDaC9F859882AfdDa116645287C629,0x42A5c638424641AEC96B2E575f8A71d8a4933Adb,1608699025
N,WFUSE,MAN,0.10001,0.999900309939099072,0x0BE9e53fd7EDaC9F859882AfdDa116645287C629,0x53C22D05a3B2222F690edC787A49c24265A4965C,0x409DE141658E3c0F8064954a62D34307477c67ca,1608999855
N,WBTC,USDC,0.0000005,0.027911,0x33284f95ccb7B948d9D352e1439561CF83d8d00d,0x620fd5fa44BE6af63715Ef4E65DDFA0387aD13F5,0x6f1A0AF055Bcc9efC1672f10A9BD31955E7967F9,1634049250
N,WFUSE,WBTC,0.11266283081800166,0.00000018,0x0BE9e53fd7EDaC9F859882AfdDa116645287C629,0x33284f95ccb7B948d9D352e1439561CF83d8d00d,0x95703de4b24BeAD3797991a011fd69C2a1b06611,1634799180
Y,G$,USDC,29685986.93,5346.294455,0x495d133B938596C9984d462F007B676bDc57eCEC,0x620fd5fa44BE6af63715Ef4E65DDFA0387aD13F5,0x0bf36731724f0bAcEb0748A9E71CD4883B69c533,1635835210
N,G$,GMAS,0.01,0.0000001,0x495d133B938596C9984d462F007B676bDc57eCEC,0xf961c08058aa211788b3ee92Cc356DADD3728D6C,0x62636a862B624e1050d22A50969b230C6C5ED9EA,1609349700
-,G$2,GMAS,0.000000000000048997,499.990989689816304314,0x84f3e6B07f16B7963AB5ecc6CC36aB4C7ACB332B,0xf961c08058aa211788b3ee92Cc356DADD3728D6C,0xCe3c23A5633e9A3E82c3535d981E1F63B9025FF6,1618562230
N,USDC,ILF,0.000001,0.000000000954878404,0x620fd5fa44BE6af63715Ef4E65DDFA0387aD13F5,0xDd59b9C34F1841f8B6364dD64921b7910caFb597,0x15B3cDA240BfC08dd844B74f41EeFA487E4Db76d,1610642425
Y,WBTC,G$,0.00106348,347269.6,0x33284f95ccb7B948d9D352e1439561CF83d8d00d,0x495d133B938596C9984d462F007B676bDc57eCEC,0xe2B6b36d24240D47ED9c65f65fceE87c699F6dfc,1635835285
N,G$,WETHD,0.01,0.00000000023102168,0x495d133B938596C9984d462F007B676bDc57eCEC,0xd8Bf72f3e163B9CF0C73dFdCC316417A5ac20670,0xA8f6ae3D2281f420A0E8265b00dea959D39dDC4e,1620232930
Y,G$,USDT,575733.46,108.487584,0x495d133B938596C9984d462F007B676bDc57eCEC,0xFaDbBF8Ce7D5b7041bE672561bbA99f79c532e10,0xb298EcdfA9c2042B6F57D9EaAd208Ac1C5d1Ff6E,1635835230
N,USDC,BLUE,0.000001,0.000001408707993445,0x620fd5fa44BE6af63715Ef4E65DDFA0387aD13F5,0x989aB59727c787e3248818685fCFa281cecA47e2,0xC3d225F3ffA6874340Ad477653Ba2f7B7a0fA3A7,1610645395
N,RED,USDC,0.000007141778489985,0.000001,0x074F072412d4aCf8f9faf78288D303b2623F6A26,0x620fd5fa44BE6af63715Ef4E65DDFA0387aD13F5,0x2623140CE84763f5661D63ecE3a7C2c74F1817a4,1610645465
Y,USDC,ETC,1.719675,112.282917449448750344,0x620fd5fa44BE6af63715Ef4E65DDFA0387aD13F5,0xf544267eE02C75661baa8ce4c0B77f7037FD7221,0x2df811aed29FCE4eB37A761B69C8064AD7c0cd8a,1635834810
Y,G$,ETC,11900.46,141.147791827230877301,0x495d133B938596C9984d462F007B676bDc57eCEC,0xf544267eE02C75661baa8ce4c0B77f7037FD7221,0x29588c1BBC2A8463B605a29b84Ab70521D467F41,1635834810
Y,WFUSE,ETC,16.177717295635332333,94.340915461266654053,0x0BE9e53fd7EDaC9F859882AfdDa116645287C629,0xf544267eE02C75661baa8ce4c0B77f7037FD7221,0x669E827BA43A1fd6E6Dfc1a5c6cffc1998De26a1,1635834760
N,WFUSE,XFL,0.000000000000003632,0.000000000000000279,0x0BE9e53fd7EDaC9F859882AfdDa116645287C629,0x436E6F87036f33BC289a4EC85002Cd49C1796987,0x24D365FFe066c668451ca8743f3A052a0C402B32,1611974715
N,WFUSE,RAI,0.359383919827659956,282101.742703063477891332,0x0BE9e53fd7EDaC9F859882AfdDa116645287C629,0x102146c731320F41a46AB3B6A3263215497D6485,0x49f86F6d78600f7Ae617cB4936D2c436e2abA948,1633795810
-,RAI,XXX,1014104.465713244305786725,986.133035246063902305,0x102146c731320F41a46AB3B6A3263215497D6485,0xa4521252bc13bf03B91d79C36b8393216BA7578d,0x6E5661214566eCe47DcCe0530020322580b1A64f,1633795810
N,WFUSE,XXX,0.001888607842655634,8.563964753936097695,0x0BE9e53fd7EDaC9F859882AfdDa116645287C629,0xa4521252bc13bf03B91d79C36b8393216BA7578d,0xb3209200CC86F4fCe515cB8D65db183437CfA818,1633795810
N,WFUSE,TIB,0.000000000000001041,0.000000000000000962,0x0BE9e53fd7EDaC9F859882AfdDa116645287C629,0x1EBa46Cc2f413638DF58A65465DCA572bF0E3025,0x7ab79BC28Dc05C4f24832DB86bf7f0395e64732e,1612882000
Y,PDE,USDT,25.844108065109274085,3.794109,0x23831FcfA625cC709fcdDe6f28De3cA8c9A4bfE1,0xFaDbBF8Ce7D5b7041bE672561bbA99f79c532e10,0x07f160D4e560cfdA69704FBf1a1297d15A6e26d5,1635826310
Y,WFUSE,PDE,20.673308176353498307,13.00263279423616782,0x0BE9e53fd7EDaC9F859882AfdDa116645287C629,0x23831FcfA625cC709fcdDe6f28De3cA8c9A4bfE1,0x04d944c2F20d64cbaB2F0fe654d0bF486e4C7a97,1635826310
Y,USDC,GAT,10.210625,9.794325889910919994,0x620fd5fa44BE6af63715Ef4E65DDFA0387aD13F5,0xF7aC22C7bdAADB050854A42a1993619DD8660520,0x241f800680e099E21D6F3691C0cB73D9cEd90797,1619352185
N,XFL,USDT,0.00000002008742881,0.000001,0x436E6F87036f33BC289a4EC85002Cd49C1796987,0xFaDbBF8Ce7D5b7041bE672561bbA99f79c532e10,0xe61972af017cc992B56312Af88dC1f55ff1FD2Cb,1611903685
N,XFL,G$,0.000000001183215957,0.01,0x436E6F87036f33BC289a4EC85002Cd49C1796987,0x495d133B938596C9984d462F007B676bDc57eCEC,0xb23f67B1fdAe4676994C5097701d5F4F7cD900cA,1611974940
N,ETC,USDT,0.000002545524909505,0.000001,0xf544267eE02C75661baa8ce4c0B77f7037FD7221,0xFaDbBF8Ce7D5b7041bE672561bbA99f79c532e10,0x37DDd56CbC1213ec3d2FefC4df5AC160144f13D3,1620945370
Y,WFUSE,CRY,100.009195543984576924,100.0,0x0BE9e53fd7EDaC9F859882AfdDa116645287C629,0x2862061D0E28dE1520119423421eFF05bb3bced7,0xB87dcF1aEAAE3b0447c53fb45330a883f9929C7C,1621720720
Y,G$,INS$,5032.02,995.647001027837463364,0x495d133B938596C9984d462F007B676bDc57eCEC,0x81f3049364Bc629C1749E9AB75aE27e2575df111,0xb6d6BF50ABdF95147CD831e75A578D141B7C17e4,1633246605
Y,ALB$,G$,133.197672105831137621,14250.71,0x1121D9fc37fDa3f4416F88F64d8676ED80885198,0x495d133B938596C9984d462F007B676bDc57eCEC,0x15a811d083dA11dfff93C2ea48771dD6B24ba91a,1633246605
-,ALB$,INS$,1.247119380646973165,24.630854466312358841,0x1121D9fc37fDa3f4416F88F64d8676ED80885198,0x81f3049364Bc629C1749E9AB75aE27e2575df111,0x5811e284FAf45782da2429E677b760A4268A5045,1633246605
Y,WFUSE,ANNA,1110.317029585664578161,900.933539389765025717,0x0BE9e53fd7EDaC9F859882AfdDa116645287C629,0xDf8Ce7bf3A52363A0F1377FF2471579F23f82FD7,0x578a812bDD1dD8a9B09bC357c2291ED58f94A06b,1628354730
-,INS$,NWE$,2000.722138006000001989,999640143753.136392202973531589,0x81f3049364Bc629C1749E9AB75aE27e2575df111,0xaE67cf173C46D7F1A18bC2Cf246083Fb934552f7,0xc181516ff178A84411610d5F4873a6A1Fc614EaE,1626374875
N,WFUSE,DATS,0.01,1.0,0x0BE9e53fd7EDaC9F859882AfdDa116645287C629,0x5977DD6ddbB5D64549f70e5a5A924634958Eaf78,0x4759BcfA69Ff0D9B9157063c39576AAd450329C1,1612717260
Y,WFUSE,KNC,10.892367606430633367,1.141428928064260245,0x0BE9e53fd7EDaC9F859882AfdDa116645287C629,0x43B17749B246fd2a96DE25d9e4184E27E09765b0,0x566aAC52791bD77ca2CAfa4e5F86FB5cbA3c1bE3,1635834810
Y,KNC,USDC,27.883806805867010016,23.777163,0x43B17749B246fd2a96DE25d9e4184E27E09765b0,0x620fd5fa44BE6af63715Ef4E65DDFA0387aD13F5,0xb5FCFfc23771500A097E47e94D92b7691536ad82,1635834810
N,KNC,ETC,0.000000000000000101,0.000000000000010082,0x43B17749B246fd2a96DE25d9e4184E27E09765b0,0xf544267eE02C75661baa8ce4c0B77f7037FD7221,0xCeeCC4aE4e3014BDb8C190382F89f76ee126448A,1617490390
N,G$,DIN,0.01,0.000000010090818095,0x495d133B938596C9984d462F007B676bDc57eCEC,0xd2C6dB2ad941A596896e4DFb047f360a1C0fAB47,0xcD52ddD9571996e7888244ce748e060b3beB8c4b,1613787710
Y,WFUSE,FLAT,10.008385705167837998,10000.0,0x0BE9e53fd7EDaC9F859882AfdDa116645287C629,0xc73C55e23B6Ad51456857bcb9b63e9003092e125,0xf7468aeBAB34E8A397ec959529B8295d4CD55Dda,1619736900
N,G$,UNI-V2,0.01,0.000000000017461954,0x495d133B938596C9984d462F007B676bDc57eCEC,0x9f17b1895633E855b8b1C1D0Ade9B3B72EB0590C,0x315D3fa0a8bba372a621161cae5f36C93E7e47D8,1613569610
N,WETHD,ETC,0.000000000000000004,0.000000000000297526,0xd8Bf72f3e163B9CF0C73dFdCC316417A5ac20670,0xf544267eE02C75661baa8ce4c0B77f7037FD7221,0xb75b9ef1d518392a245504Fa12A3A038b6B25a28,1617293080
N,G$,GNC,2.01,1.792396747691594521,0x495d133B938596C9984d462F007B676bDc57eCEC,0xdC327929b8f366e1Ab76060897C684181f9e4047,0x4C71576f66109151eD4BE6bCCf46eb6E2394DE96,1635322000
N,WFUSE,GNC,0.000909480002671211,389.840202237913764308,0x0BE9e53fd7EDaC9F859882AfdDa116645287C629,0xdC327929b8f366e1Ab76060897C684181f9e4047,0x3C160d69519d92cC6A79e9c2c9581a6d89a0c01e,1635322000
N,DAI,GNC,0.000000000000000007,0.000000000000161403,0x94Ba7A27c7A95863d1bdC7645AC2951E0cca06bA,0xdC327929b8f366e1Ab76060897C684181f9e4047,0xdb2107240200bFC917822c08610611Cd218b5Ada,1613653795
N,GNC,USDT,0.000000040726035759,0.000001,0xdC327929b8f366e1Ab76060897C684181f9e4047,0xFaDbBF8Ce7D5b7041bE672561bbA99f79c532e10,0xA2d7482658EAc6E1Aa9Ead9917E3140D7eD6C30a,1615406580
N,USDC,GNC,0.000001,0.000160884625376278,0x620fd5fa44BE6af63715Ef4E65DDFA0387aD13F5,0xdC327929b8f366e1Ab76060897C684181f9e4047,0x44815E23E3505C270F7ea91ADae161416369d0b8,1617546255
-,GNC,ETC,1.320962811490092784,0.021790818757317393,0xdC327929b8f366e1Ab76060897C684181f9e4047,0xf544267eE02C75661baa8ce4c0B77f7037FD7221,0x1098056e2B754996b9893f2842c68ca270EAb9e3,1632421470
N,WBTC,GNC,0.00000001,0.000001377267629615,0x33284f95ccb7B948d9D352e1439561CF83d8d00d,0xdC327929b8f366e1Ab76060897C684181f9e4047,0xAf7D675EE91F9cf578313778cF896324D882F686,1617546340
N,WFUSE,AFCS,0.000000000000000002,0.000000000000710921,0x0BE9e53fd7EDaC9F859882AfdDa116645287C629,0xa104F40b7840F8a4976754Bf02e6FCe5dae9c80f,0xA79D30FF5A6a351ec8B1ef1456b230CcD70b3588,1614498695
N,AFCS,WETHD,9.0000101,0.00000000000141138,0xa104F40b7840F8a4976754Bf02e6FCe5dae9c80f,0xd8Bf72f3e163B9CF0C73dFdCC316417A5ac20670,0x3aEA2aF0DDf80c2fD1258C5713adfdD3860Ab056,1614358820
Y,P1SO,DAI,10.199871761096124509,0.211323892538285594,0x22C2Ed4be054456b4e92A93B36BDaF6dA392A646,0x94Ba7A27c7A95863d1bdC7645AC2951E0cca06bA,0x860D8e54Af32712d09359DD7188eA8d0ce48eb88,1635813055
Y,WFUSE,KO,2.249625071914840392,88.933889391768955266,0x0BE9e53fd7EDaC9F859882AfdDa116645287C629,0xBfB5B7ce025a2149367a7a26459811834951e6cE,0xb9002202bC5B630Ad1Bb4f02f8747AABCAEdB8F0,1623057785
N,WETHD,GNC,0.000000000000000001,0.000000000001717501,0xd8Bf72f3e163B9CF0C73dFdCC316417A5ac20670,0xdC327929b8f366e1Ab76060897C684181f9e4047,0x4BB0Acb395D16024F9e07C1a0B3Ac27Ffa989063,1615406595
N,G$,DHT,0.01,0.000001139224499098,0x495d133B938596C9984d462F007B676bDc57eCEC,0x9131344CbbFb643270265a9B6b5adB2927Fd823C,0xd1768487d4B1e7FA7ace2E3630aFB9E8D170A592,1614012240
N,WFUSE,DHT,0.000000000000000031,0.000000000000037581,0x0BE9e53fd7EDaC9F859882AfdDa116645287C629,0x9131344CbbFb643270265a9B6b5adB2927Fd823C,0x32Be9AA7696022E537882aa74D7cf75670990EeD,1614241645
N,WFUSE,DMT,0.000000000000000002,0.000000000003100849,0x0BE9e53fd7EDaC9F859882AfdDa116645287C629,0xa6196e414AB40B41d3C4db93A30734c03fD9F450,0x5B81f12d39E4baEc6E9A5f383fCd12B875ABa802,1616345535
N,USDC,DHT,0.000002,0.000000000990128421,0x620fd5fa44BE6af63715Ef4E65DDFA0387aD13F5,0x9131344CbbFb643270265a9B6b5adB2927Fd823C,0x3A6c3f5D7FA4cB8E2fB0AF9BfB939352Ee37Bb0d,1616181875
-,DHT,DMT,99498.033955487478668335,40000.0,0x9131344CbbFb643270265a9B6b5adB2927Fd823C,0xa6196e414AB40B41d3C4db93A30734c03fD9F450,0xC653536F8c91e73A14c970706b567Ee32e27614E,1614018730
N,KNC,DHT,0.006067230866474488,118.660371934047329665,0x43B17749B246fd2a96DE25d9e4184E27E09765b0,0x9131344CbbFb643270265a9B6b5adB2927Fd823C,0xDEBc88C841668736438cAC6cf8068AEDEEE4bea3,1620686475
N,WFUSE,DIN,0.000000000000000048,0.000000000000021748,0x0BE9e53fd7EDaC9F859882AfdDa116645287C629,0x1bDd33926685B4024e7949A35bD5a935722B8Fe9,0x8775C790d10c74004691F4Bd2A1E355Dad074bdF,1614881925
N,G$,HUM,0.01,0.000000347850542619,0x495d133B938596C9984d462F007B676bDc57eCEC,0xE02D44b4B195168fC5F5EE1Ea002155035631c52,0xfA2Ed1b7E350D65120A65e1593299BA4BA45A4aA,1614237670
N,G$,WEBD,0.01,0.0000001,0x495d133B938596C9984d462F007B676bDc57eCEC,0x4E9164758d2f641c200561AcD441A8460F4CcC6c,0xE4c6CE372c0B981A048b67187aDF971B08Aaf053,1614167695
N,WFUSE,WEBD,0.000000000000000279,0.000000000000003586,0x0BE9e53fd7EDaC9F859882AfdDa116645287C629,0x4E9164758d2f641c200561AcD441A8460F4CcC6c,0xfD8CaE9C1Cc6385d9FFBE2Ad97DE83c0877FB1Eb,1614270380
N,WFUSE,DZD,0.000000000000000122,0.000000000000008257,0x0BE9e53fd7EDaC9F859882AfdDa116645287C629,0x56938Eb82E11444310E098602a6D07f3eC2a9Aa4,0xfdB30992480Bb2299e8f9711288205E37eEa48a7,1614807810
-,DIN,DZD,1000.0,9980.0,0x1bDd33926685B4024e7949A35bD5a935722B8Fe9,0x56938Eb82E11444310E098602a6D07f3eC2a9Aa4,0x67cFf625f788C0fa4e7Aa2B1d35A99b12A34A499,1614270670
-,WEBD,DZD,10.0,7500.0,0x4E9164758d2f641c200561AcD441A8460F4CcC6c,0x56938Eb82E11444310E098602a6D07f3eC2a9Aa4,0x10AE1645d4D8744AB412Dc599EAB467136a623B7,1614272025
N,G$,DZD,209.6,30.909013068949977467,0x495d133B938596C9984d462F007B676bDc57eCEC,0x56938Eb82E11444310E098602a6D07f3eC2a9Aa4,0x5b2B2075a4f4A473e00Cb0d0a9E326037312C582,1623779530
-,DZD,DORO,10150.0,985277.247104741855226941,0x56938Eb82E11444310E098602a6D07f3eC2a9Aa4,0xF8EB85ccA8529478a795c4C4F51cf0845B9bD591,0x729e2231964393Bee493158e17CC86643b2Bf3F1,1614862820
N,WFUSE,DORO,0.000000000000000007,0.000000000000159792,0x0BE9e53fd7EDaC9F859882AfdDa116645287C629,0xF8EB85ccA8529478a795c4C4F51cf0845B9bD591,0x979747ca469B3B8C4f7b2ec2ac6d2560A19E30e2,1615126345
-,ZODJ,DORO,100000998.109281587888063642,10038079181.699999999990393246,0xBd8f8D3A48767F14384b0fB87B5e4bc6d55B5CcA,0xF8EB85ccA8529478a795c4C4F51cf0845B9bD591,0xDae4e1661D807e7BA7Ae446f3c152BfaB65dA108,1614883725
Y,USDC,OM,22170.023865,99644.067741552178177389,0x620fd5fa44BE6af63715Ef4E65DDFA0387aD13F5,0x7F59aE3a787C0d1D640F99883d0e48c22188C54f,0x8c7538099a4f5e21752CAd6632f35161800e85C9,1635831975
N,OM,GNC,0.00000000000000004,0.000000000000025504,0x7F59aE3a787C0d1D640F99883d0e48c22188C54f,0xdC327929b8f366e1Ab76060897C684181f9e4047,0x75c0F7202930cb87cFc3C29639A7b7613d4ea7ca,1615406560
Y,WFUSE,OM,2.744019971226108484,1.113450637846917725,0x0BE9e53fd7EDaC9F859882AfdDa116645287C629,0x7F59aE3a787C0d1D640F99883d0e48c22188C54f,0x7e640Ac0610506792fdf2b36AC5642B77Eb3a1aF,1635831975
Y,WFUSE,MIRR,111.788969862642151895,26.140520238764347028,0x0BE9e53fd7EDaC9F859882AfdDa116645287C629,0x87aE90263723AACB8BcFacb882ad5CAA0FA33F49,0x301Fd76409C7be87214CeA6a88D6D2ab968faC1e,1635835080
N,MIRR,GNC,0.000000000000000048,0.000000000000021037,0x87aE90263723AACB8BcFacb882ad5CAA0FA33F49,0xdC327929b8f366e1Ab76060897C684181f9e4047,0x6D2AD71ec1d3202907e6a6af507A4608373631C1,1615903980
Y,OM,MIRR,1.067811408562909319,0.605468818896910916,0x7F59aE3a787C0d1D640F99883d0e48c22188C54f,0x87aE90263723AACB8BcFacb882ad5CAA0FA33F49,0xf96c8DFff0AC61dcaf6bbb773F99326982028B29,1635808890
N,G$,OM,0.01,0.000000481849910274,0x495d133B938596C9984d462F007B676bDc57eCEC,0x7F59aE3a787C0d1D640F99883d0e48c22188C54f,0x9e56B4660e1dFD5b946942b8F6dC1bD003e28734,1622270850
Y,USDC,MIRR,15.652071,40.8435681106589814,0x620fd5fa44BE6af63715Ef4E65DDFA0387aD13F5,0x87aE90263723AACB8BcFacb882ad5CAA0FA33F49,0x3DFC3C31532d0363E926C59093f541d6a0d28384,1635834780
Y,MIRR,USDT,23.255570519144167057,9.210726,0x87aE90263723AACB8BcFacb882ad5CAA0FA33F49,0xFaDbBF8Ce7D5b7041bE672561bbA99f79c532e10,0xFC97058A443091539Ec03b4f06abf2f7e778b33b,1635834955
Y,G$,MIRR,9661.95,4.54744377180860641,0x495d133B938596C9984d462F007B676bDc57eCEC,0x87aE90263723AACB8BcFacb882ad5CAA0FA33F49,0xa43078C48e834E9F87B97f7A7830CFd1C416f026,1635835080
N,MIRR,WETHD,0.000000000000070984,0.000000000000000015,0x87aE90263723AACB8BcFacb882ad5CAA0FA33F49,0xd8Bf72f3e163B9CF0C73dFdCC316417A5ac20670,0x8e43Bf52a01279C3A43d27f796C1f92EBDE5d1aC,1617279240
N,ONE,USDC,0.728323469074535934,0.001099,0x5f5C3c58D0063610f5D736CBBe6358D85250F31f,0x620fd5fa44BE6af63715Ef4E65DDFA0387aD13F5,0x5359D1381E7b30A48707db89856dDD78f65C21de,1620129915
Y,WBTC,MIRR,0.00015383,23.600346601757120728,0x33284f95ccb7B948d9D352e1439561CF83d8d00d,0x87aE90263723AACB8BcFacb882ad5CAA0FA33F49,0x8157f2F1E8cda2F335BFc13d2cF594Ebc41aa6AF,1635832280
N,FUSD,GNC,0.000000000000000026,0.000000000000039158,0x249BE57637D8B013Ad64785404b24aeBaE9B098B,0xdC327929b8f366e1Ab76060897C684181f9e4047,0x8d62Ef9A1090dae173633909766d7cBA4321FF26,1615960775
N,WFUSE,PM,0.00032593787775937,0.000678456850232903,0x0BE9e53fd7EDaC9F859882AfdDa116645287C629,0xE384DfEcc3e51A30C7206FE759Bacd285c5C1CC1,0x008108aF62C0dd59932a8212B3a233B2CaDf0BD5,1628631765
Y,WFUSE,FIT,5.0,10.0,0x0BE9e53fd7EDaC9F859882AfdDa116645287C629,0x5DB286d4E6f9B1848B4bF1B2A824897EAcae1D85,0x4ceb43eD22259212345Be413F84C860A54EA9E81,1615488685
N,WFUSE,NTN,0.000000000000000044,0.000000000000022924,0x0BE9e53fd7EDaC9F859882AfdDa116645287C629,0xfD01879007770F493Ee337BB8d8ABb1C51cA362b,0x5E3A4aE850610267487CFC6E827F1B25B5553f25,1632871240
N,UNI-V2,G$,0.000000001,0.01,0x3C160d69519d92cC6A79e9c2c9581a6d89a0c01e,0x495d133B938596C9984d462F007B676bDc57eCEC,0x7074C45de5f2637e9E148c4043D3E24d5e8D32E0,1615904385
-,UNI-V2,GNC,0.000000000000000333,0.000000000000003013,0x3C160d69519d92cC6A79e9c2c9581a6d89a0c01e,0xdC327929b8f366e1Ab76060897C684181f9e4047,0xB6Cb70697278bFcf4BA14a0774BDE78f4f49d793,1615951125
Y,MIRR,DAI,14.723579488034970468,5.96747716359355535,0x87aE90263723AACB8BcFacb882ad5CAA0FA33F49,0x94Ba7A27c7A95863d1bdC7645AC2951E0cca06bA,0x25f37F2cC82725D42735F85E52c15E3496e7e9F0,1635834590
-,ETX,ETC,77525.600676691321889424,24124.789009588178329127,0xE4474ba726Bd33A2135f9efa0776De84c266c65E,0xf544267eE02C75661baa8ce4c0B77f7037FD7221,0xC07574E56D3baBeCdD002a3d12D8d7042df4b52e,1625646850
-,CBUX,ETC,78742.494777695705921818,24148.482989747618976619,0x83838d86052d6A75760b4536b10192DAc278D432,0xf544267eE02C75661baa8ce4c0B77f7037FD7221,0xb5976F4EDD1d3EE9cc05adA78cdD9afD6497877e,1619688510
-,CBUX,ETX,10000.0,10000.0,0x83838d86052d6A75760b4536b10192DAc278D432,0xE4474ba726Bd33A2135f9efa0776De84c266c65E,0x1C37019CaF6f859Ed899899058cFfe6Ba8e8f8a7,1616070835
-,CBUX,GNC,0.000000000000000262,0.000000000000003832,0x83838d86052d6A75760b4536b10192DAc278D432,0xdC327929b8f366e1Ab76060897C684181f9e4047,0x578739dac0F6E5307a6211805a5d7cCf71Db511A,1617546630
-,GNC,ETX,0.000000000000004141,0.000000000000000243,0xdC327929b8f366e1Ab76060897C684181f9e4047,0xE4474ba726Bd33A2135f9efa0776De84c266c65E,0xfC4bC4FfA7cA3a226461C9A9b4054edAaE4CDc62,1617546750
N,G$,ETX,0.01,0.000000016293128946,0x495d133B938596C9984d462F007B676bDc57eCEC,0xE4474ba726Bd33A2135f9efa0776De84c266c65E,0x38a9391b281b5767b0B3246CbEAa1631F5783979,1617971360
N,G$,CBUX,0.01,0.000000016465549806,0x495d133B938596C9984d462F007B676bDc57eCEC,0x83838d86052d6A75760b4536b10192DAc278D432,0x6343cD17e798e7FF3268aa89168EAB2F8666eCEF,1617971570
Y,GRT,WETHD,114.534083239240738675,0.030310991988698449,0x025a4c577198D116Ea499193E6D735FDb2e6E841,0xd8Bf72f3e163B9CF0C73dFdCC316417A5ac20670,0x752ef07fBe94398b93Fcbf25ffc3B222602CBA85,1635323045
Y,LINK,WETHD,138.682268197748766126,1.263199032313293956,0x0972F26e8943679b043de23df2fD3852177A7c48,0xd8Bf72f3e163B9CF0C73dFdCC316417A5ac20670,0x43BEB6dE261279ca9910Bb45956d083CB9c8101e,1635322170
Y,WFUSE,FUSD,669473.627813736248860005,59386.708580480004010978,0x0BE9e53fd7EDaC9F859882AfdDa116645287C629,0x249BE57637D8B013Ad64785404b24aeBaE9B098B,0xcDd8964BA8963929867CAfFCf5942De4F085bFB7,1635838075
N,LINK,G$,0.000000066569865486,1.57,0x0972F26e8943679b043de23df2fD3852177A7c48,0x495d133B938596C9984d462F007B676bDc57eCEC,0x8c7D877d7B80F3a3c0Ab39a50A0be73C471FbEe0,1625173745
Y,VTX,DAI,72.286163370273479666,10.37655929028857802,0x01e3ec0947EdA3C1045331790281E4d8d0c995A1,0x94Ba7A27c7A95863d1bdC7645AC2951E0cca06bA,0xCDd62294c603d3a45d8867f83a8F756168E81Cee,1619353195
N,WFUSE,ETX,0.000000000000000165,0.00000000000000609,0x0BE9e53fd7EDaC9F859882AfdDa116645287C629,0xE4474ba726Bd33A2135f9efa0776De84c266c65E,0xad6DC594e9C0c80A9144146CB8b8634FB4d75A6D,1618855870
N,WFUSE,CBUX,0.000000000000000163,0.00000000000000619,0x0BE9e53fd7EDaC9F859882AfdDa116645287C629,0x83838d86052d6A75760b4536b10192DAc278D432,0x91BadaAd2e6Ff9004A1edfbEa4C79E5D64EFD03d,1618855930
N,FUSD,MIRR,0.009514985306440465,0.023433796808402864,0x249BE57637D8B013Ad64785404b24aeBaE9B098B,0x87aE90263723AACB8BcFacb882ad5CAA0FA33F49,0x54b469C47143D81E8D1e0Cd563aDbc7D3b9b1e99,1635321580
N,USDC,DMT,0.000001,0.000000031612235677,0x620fd5fa44BE6af63715Ef4E65DDFA0387aD13F5,0xa6196e414AB40B41d3C4db93A30734c03fD9F450,0xEa686A95Ad50b4Dbd1551659c2007D06a1f8c77c,1616344495
Y,FUSD,G$,2.247985358637329591,12553.14,0x249BE57637D8B013Ad64785404b24aeBaE9B098B,0x495d133B938596C9984d462F007B676bDc57eCEC,0xDc199Cbf934AEd6453723C80aB06D06a315C8a76,1635835070
N,WFUSE,SAIL,0.525999900309939099,0.47735147612301652,0x0BE9e53fd7EDaC9F859882AfdDa116645287C629,0x89719AF724214081ae33c2681936b5eF4b57fE62,0x4c78D796637DB5436F5e5525b601d2959Bb9721e,1616706410
Y,KD,USDT,4.455892427174004053,5.612446,0xE76072266Ba5D292b89EAD209716dF0C82f0670f,0xFaDbBF8Ce7D5b7041bE672561bbA99f79c532e10,0xa8141dD24F44d2fA5000EcBFFDFEef31A662dFF4,1621714905
N,WFUSE,CLL,0.005,0.1,0x0BE9e53fd7EDaC9F859882AfdDa116645287C629,0xbFc7A4604005a9bbbD89A9C748846169cb00D90a,0x60F71016DE062192Ea1680B2fC55f4cAAf8fb9Ab,1617133685
N,GRT,WFUSE,0.000000000000000337,0.000000000000003361,0x025a4c577198D116Ea499193E6D735FDb2e6E841,0x0BE9e53fd7EDaC9F859882AfdDa116645287C629,0x1e0A4E06a2995E35Dda9868d61e81cA9855262eD,1629499330
Y,WFUSE,WETH,2127050.623530073997387469,46.495145754743794482,0x0BE9e53fd7EDaC9F859882AfdDa116645287C629,0xa722c13135930332Eb3d749B2F0906559D2C5b99,0x75e24462108E49B71278c93b49B35A5837c0547C,1635838900
Y,MIRR,WETH,20.524631384474388129,0.001903968674234192,0x87aE90263723AACB8BcFacb882ad5CAA0FA33F49,0xa722c13135930332Eb3d749B2F0906559D2C5b99,0x6A4f41dC84f0a5607b908F1D57B69601D8Fcfd59,1635834660
N,GRT,WETH,0.006431369255749379,0.000001833048898144,0x025a4c577198D116Ea499193E6D735FDb2e6E841,0xa722c13135930332Eb3d749B2F0906559D2C5b99,0xFf420C5306eFe49DF5d3036786cEb2E6c166Dca1,1635610910
N,LINK,WETH,0.000000000000009403,0.000000000000000112,0x0972F26e8943679b043de23df2fD3852177A7c48,0xa722c13135930332Eb3d749B2F0906559D2C5b99,0x22441671b67A246156F0Df78569B1828E21b537F,1621533545
N,NUL,G$,268.743706739731668423,335.0,0x16bF2Af8C628B835a2817876051bd738C41ACd4d,0x495d133B938596C9984d462F007B676bDc57eCEC,0x49575dA665FAf10be9a2A2aA5De405459A100c65,1626419535
Y,G$,WETH,1162373.39,0.051214433713122395,0x495d133B938596C9984d462F007B676bDc57eCEC,0xa722c13135930332Eb3d749B2F0906559D2C5b99,0xdfE8Be5fC72FCE4208b35ff4f7a33eDDD00Fdf8c,1635837475
Y,WFUSE,FUCS,1.669521360668087584,0.599990332897796475,0x0BE9e53fd7EDaC9F859882AfdDa116645287C629,0x3B13B88008842B790930Fa82eE880a747f86Ae0E,0xb17505eb3C022B08Cc78a88353f5a96e81b6ca85,1633347175
N,WFUSE,AMMP,0.001,1.0,0x0BE9e53fd7EDaC9F859882AfdDa116645287C629,0x8Bd1436497B70ffCca9E1F049cB324520BC8183E,0x14170776C9DE92f1E6aac890717B59Db90fDD3a6,1618668730
N,KNC,G$,0.01199563146036157,54.87,0x43B17749B246fd2a96DE25d9e4184E27E09765b0,0x495d133B938596C9984d462F007B676bDc57eCEC,0x6E5D7b69CB9922de7a216aFa0FC2EdE98761df7D,1635322045
N,WFUSE,EG,0.000000000000000327,0.000000000000003067,0x0BE9e53fd7EDaC9F859882AfdDa116645287C629,0xe66065C95EE55A71091e41CAC800B9c96556F409,0x5C19734f1EBe8f17486846B40b8f0B743Fb3650A,1619209180
N,DAI,EG,0.000676683150480819,68436.415125211373295982,0x94Ba7A27c7A95863d1bdC7645AC2951E0cca06bA,0xe66065C95EE55A71091e41CAC800B9c96556F409,0xEC37Cb6a6D4AE152939Fe7F6Dd0946f2FC280A31,1628632435
N,WFUSE,DOTO,0.0014,0.000000001,0x0BE9e53fd7EDaC9F859882AfdDa116645287C629,0x6D02eA0786D1C66BDe17fDe9E9829B609c807038,0x9598A9900b672304C6c0a6FC38FaB9Eb1e5cf815,1619239285
N,WETH,ETC,0.000000000000000004,0.000000000000316228,0xa722c13135930332Eb3d749B2F0906559D2C5b99,0xf544267eE02C75661baa8ce4c0B77f7037FD7221,0x3D80B6cB45433cA55812740C2339083818A0D589,1619643880
N,OM,DAI,0.000000000000001522,0.000000000000000659,0x7F59aE3a787C0d1D640F99883d0e48c22188C54f,0x94Ba7A27c7A95863d1bdC7645AC2951E0cca06bA,0x457888A4881e89CEDFf707a1f1f71B32140524aC,1620122830
N,MRP,WFUSE,3413.927532377013843369,0.032341990573263436,0x04fa7c34C10A9EbD34e23d01Ef49B78132e23D35,0x0BE9e53fd7EDaC9F859882AfdDa116645287C629,0x3578D6cbD254Ee16a3972dA551381f7D8c22eeE8,1623390460
N,OM,USDT,0.281781644698320753,0.061847,0x7F59aE3a787C0d1D640F99883d0e48c22188C54f,0xFaDbBF8Ce7D5b7041bE672561bbA99f79c532e10,0xC20C85b59b45beaaBC98de0A5F950ADeCC07252F,1635787750
N,WBTC,OM,0.00000001,0.000000007296033368,0x33284f95ccb7B948d9D352e1439561CF83d8d00d,0x7F59aE3a787C0d1D640F99883d0e48c22188C54f,0x7f99aB36BC10889785089A1CD83f8B52BA4cB827,1620682590
N,WFUSE,CAT,0.000000000010030091,100000.0,0x0BE9e53fd7EDaC9F859882AfdDa116645287C629,0x586Eb64e0BDFdd4cBD7678Bb8cD2971ddCF22AAb,0x1BCF39c983A5fB832eF19e4541B3f5645edD03bD,1619890145
Y,WFUSE,RIG,2.105579897587499341,19.0,0x0BE9e53fd7EDaC9F859882AfdDa116645287C629,0xd6Ad00698DC92A420B1519f08424ba145315CE62,0xB8036C3bf1fa5698100ccf5cE410AC6c84390868,1627158955
N,WFUSE,HAS,0.000000000000000013,0.000000000000082777,0x0BE9e53fd7EDaC9F859882AfdDa116645287C629,0x3c0d6e1A873062274aEe53D9bA710A1B3Db80A1A,0xbDd0C84df1280ed4d16D6a6267545c76D1Cb4941,1624699900
Y,WFUSE,1AD,1.0,1.0,0x0BE9e53fd7EDaC9F859882AfdDa116645287C629,0xBcDFe002037ADB24F5279178D7Ff12EfaBAa982e,0x3618D93aBD7e25b63f8089f82000cCf12b7eC567,1620170120
N,GRT,USDT,0.000000000178606796,0.000001,0x025a4c577198D116Ea499193E6D735FDb2e6E841,0xFaDbBF8Ce7D5b7041bE672561bbA99f79c532e10,0xD11175578d66b484063545574d2f5e24D5c75e4f,1625587605
N,WFUSE,RMT,0.998330939,10.0,0x0BE9e53fd7EDaC9F859882AfdDa116645287C629,0xf8C7e95559F7ecdbe3cA8345956D19a13c19c977,0x247be156DBD7029cC1b3080749EF46d3f2996C50,1620749720
Y,FUSD,USDC,5.568407692457380502,5.652743,0x249BE57637D8B013Ad64785404b24aeBaE9B098B,0x620fd5fa44BE6af63715Ef4E65DDFA0387aD13F5,0x340B72B494F5e2Ed0639F0FEeC11129EF3A18888,1635835155
N,FUSD,WCRES,0.000000000000005478,0.000000000000000183,0x249BE57637D8B013Ad64785404b24aeBaE9B098B,0x8D791C75B928c5cCC58036d042d7AeaA3363D361,0x1cC1ea0Dd6f0e26928aA424ddC18c158666Dc48A,1621548415
N,FUSD,ETC,0.000000000000000445,0.00000000000000225,0x249BE57637D8B013Ad64785404b24aeBaE9B098B,0xf544267eE02C75661baa8ce4c0B77f7037FD7221,0x042688399D6E692b43485bf24E6Aa026E0A03e12,1621218940
N,WFUSE,XDC,0.715035813850872432,69999.91549132826828533,0x0BE9e53fd7EDaC9F859882AfdDa116645287C629,0x657b46143180e16604B67236Ecda9f6bE0376112,0x5bfe8393cd1D59a62A54AFBB91b88Da703E3923e,1622185610
N,WFUSE,UNI-V2,0.399856393682733897,0.00000000004726527,0x0BE9e53fd7EDaC9F859882AfdDa116645287C629,0x29588c1BBC2A8463B605a29b84Ab70521D467F41,0x25a15750DfAe2055D4a32F1B4a88D1E74030407D,1624386305
N,DMXN,DAI,1.049178297475226579,0.052541010202202269,0x6e794bdD85d2b501743d889321B3510825207A3c,0x94Ba7A27c7A95863d1bdC7645AC2951E0cca06bA,0x9345d0d8c857A24bf16BC08D1B403c6d13138126,1622415595
N,WFUSE,EAG,0.179540926558027579,110.720836263419759062,0x0BE9e53fd7EDaC9F859882AfdDa116645287C629,0xdcb54e91c09AfcAcC8EA18bD5a72DEB6BD9AA907,0x9DcFa2B306611535c9C4FA738e10283fFa2B0F53,1629479150
Y,WFUSE,TES,50.00633992491368909,100000.0,0x0BE9e53fd7EDaC9F859882AfdDa116645287C629,0x6B9D0Ee49A4ee7ab98195Af375538c434FD7Df16,0xdda6E1d350c6324c211348C1B01dB9c460978Ff2,1621712615
N,LINK,WFUSE,0.000470750219257298,0.200521164899907913,0x0972F26e8943679b043de23df2fD3852177A7c48,0x0BE9e53fd7EDaC9F859882AfdDa116645287C629,0x718f374b12Dd24aBFCD7faCd8726Be6518db358b,1635587155
Y,WFUSE,BNB,399.414779843904025537,0.064147032684039142,0x0BE9e53fd7EDaC9F859882AfdDa116645287C629,0x6acb34b1Df86E254b544189Ec32Cf737e2482058,0x6ae564D7d8Db8d715AD873bca79528B5801405fa,1635838075
Y,WFUSE,WHOL,211.529933915266667463,423330109.031190628087818354,0x0BE9e53fd7EDaC9F859882AfdDa116645287C629,0x1A45e589b425fFb7A569Bb493449Cc5Fbda72579,0x35BA2190349A8c5a1eBBAb536848C7480bf8dB4d,1631202645
Y,FUSD,BNB,78064.24858539821837821,142.620320403015734125,0x249BE57637D8B013Ad64785404b24aeBaE9B098B,0x6acb34b1Df86E254b544189Ec32Cf737e2482058,0x123e18262642a090b209A9CdD5bC5DFA03d734D1,1635838075
Y,FUSD,BAFF,1.0,0.01,0x249BE57637D8B013Ad64785404b24aeBaE9B098B,0xAf8cE664ff1802B12f0B91F7bDb7CE04C8d88395,0x8e6667af014309d6Ef608b18ccf1345aB5D98E0c,1621889060
N,BNB,OM,0.000000000000001378,0.000000000000000728,0x6acb34b1Df86E254b544189Ec32Cf737e2482058,0x7F59aE3a787C0d1D640F99883d0e48c22188C54f,0x5E8AC89fF2b8b6AbfA63229c515E3C1697dD73c1,1621912550
N,BNB,EAG,0.000000000000000005,0.000000000000203864,0x6acb34b1Df86E254b544189Ec32Cf737e2482058,0xdcb54e91c09AfcAcC8EA18bD5a72DEB6BD9AA907,0xa0e14629ad8B35b3a9704CDe0642f98874B9bfF4,1621912955
Y,WBTC,WETH,1.40206858,20.083163898721936738,0x33284f95ccb7B948d9D352e1439561CF83d8d00d,0xa722c13135930332Eb3d749B2F0906559D2C5b99,0x79FB917292f841Ab64941C04aCDf5F9059aa24E7,1635838945
Y,WFUSE,SIS,1.87229635969747983,540777.363298784036219619,0x0BE9e53fd7EDaC9F859882AfdDa116645287C629,0xef60db3da6B001cb60c7FC30f6f90a6531daB615,0x772D73a55d59961a2b868988b7671b9703F21799,1626876150
Y,WFUSE,NDM,40.708745091022314133,39.313354246715487292,0x0BE9e53fd7EDaC9F859882AfdDa116645287C629,0xAa36732BeBac7fb3577748AC5AD1d0F867625473,0x5afff7060Ee280913bd8E0d1197567239d2CAaC9,1624472250
N,WFUSE,AIN,0.000000000000000125,0.000000000000008024,0x0BE9e53fd7EDaC9F859882AfdDa116645287C629,0xb46872e8CaF374484473977D04E2F7882C6870E9,0x4dD0482fD0c2a51635E004Fb622Ccf3cCCC057a0,1622532715
Y,G$,AIN,2010.07,856.906691589313342049,0x495d133B938596C9984d462F007B676bDc57eCEC,0xb46872e8CaF374484473977D04E2F7882C6870E9,0x8F8951a7371f4812366eA5d82633A5038641319f,1622549600
-,TDL,DMXN,24995.015993810834119677,500100.0,0x461D249fB1BC1Ed4a082118d1705881EDb26d0d3,0x6e794bdD85d2b501743d889321B3510825207A3c,0xD841060463ac0570D9ae638b035eaE09e3c38fF1,1622416805
N,OM,DHT,0.000000000000000301,0.000000000000003327,0x7F59aE3a787C0d1D640F99883d0e48c22188C54f,0x9131344CbbFb643270265a9B6b5adB2927Fd823C,0x0FD4f6BA8AD242f30644d3267DECad0a51892926,1622488720
N,DAI,AIN,0.000000000000000006,0.000000000000172496,0x94Ba7A27c7A95863d1bdC7645AC2951E0cca06bA,0xb46872e8CaF374484473977D04E2F7882C6870E9,0xD53016c65348daeaA8bf214FE129b9ea22cA21Be,1622532670
Y,BNB,WETH,0.088881672241015086,0.012131452995640225,0x6acb34b1Df86E254b544189Ec32Cf737e2482058,0xa722c13135930332Eb3d749B2F0906559D2C5b99,0x31151315E476145C826C1086CBcFa6eAb8B5a6d1,1635837475
N,LINK,DAI,0.000624651523253555,0.026346442800982096,0x0972F26e8943679b043de23df2fD3852177A7c48,0x94Ba7A27c7A95863d1bdC7645AC2951E0cca06bA,0xc6aB44CD97A9A5c4775efDD1E56946b2f1F86D28,1635455070
N,G$,VOLT,0.01,0.000000295185982394,0x495d133B938596C9984d462F007B676bDc57eCEC,0xD93878D3b011a96C0fF97cee984cd5c76B36Afc1,0x913a10afE76094b087F39DF3fD1aaa5b2b8Ffd79,1624791620
-,DTE,TCO,49565.620867212899634872,1009338.910611985086841866,0x3eEED76CCC4A3e0E85d6C6c1Ac7191B935b5BB69,0x701F8a136362e4c361f77E99D8bA45555E7E6C61,0x689464FeDe3F6050422983e8951e9f2C5D6461e9,1623120755
Y,G$,BNB,1676314.21,0.543196972643322698,0x495d133B938596C9984d462F007B676bDc57eCEC,0x6acb34b1Df86E254b544189Ec32Cf737e2482058,0x1Ea922F8D5BDB40EBD61890C93E5eCad1A61EaED,1635837405
N,GRT,G$,0.004447743376211332,26.78,0x025a4c577198D116Ea499193E6D735FDb2e6E841,0x495d133B938596C9984d462F007B676bDc57eCEC,0x5F55799FDA0F74DFFac50E070E921849190A5bd1,1635322705
N,WFUSE,GOLD,0.940965554200778036,1.384064421742067392,0x0BE9e53fd7EDaC9F859882AfdDa116645287C629,0xf0382B25E5b66Bd49c34F22Ac76318141F182395,0x58AcCB05bb3dE1961fBe3f833a8152B10D123938,1628992285
N,UC$,DAI,0.00000000000086263,0.000000000000000002,0x769d4c8631AdBDb662201fC698deF08242e0068e,0x94Ba7A27c7A95863d1bdC7645AC2951E0cca06bA,0x1ac8f2C313F660cdbaF8ac3ED55a22cb3c41E023,1628150820
N,G$,UC$,0.01,0.00000010523424911,0x495d133B938596C9984d462F007B676bDc57eCEC,0x769d4c8631AdBDb662201fC698deF08242e0068e,0xD7C3231C5042268dd5EbCF1F4e4B9EF47D082ee3,1628151685
N,MAZ,G$,302124968933247.611358344117691526,0.01,0x3EC0aFc844F1ca64d11e098d50d07EbcAe39B741,0x495d133B938596C9984d462F007B676bDc57eCEC,0x86a46B870b0ac5AC756334C820cfeC5D63a4AA37,1635321710
N,G$,NONC,0.96,0.01,0x495d133B938596C9984d462F007B676bDc57eCEC,0xcfcB00fA77b85a2501f26Bd783D284c79084b3B1,0xd9739528762117e1B5C8c026e728ade1A970B320,1623911550
Y,WFUSE,CNEX,1.493,1.493,0x0BE9e53fd7EDaC9F859882AfdDa116645287C629,0x9F0Bb10C8D6AB8b39ACe01307eFAc4016dcF421D,0x0A8cD5d0848d85Db8e5Ae5868a783F3596e26659,1632384870
N,WFUSE,EDDI,0.000000000000000284,0.000000000000003532,0x0BE9e53fd7EDaC9F859882AfdDa116645287C629,0x17955C2140CE499828789E9a01cf9b0a1991BdfC,0x7E20f3Ab0e96F35dfc060453D08577349A11d778,1624913645
N,WFUSE,MAZ,0.008704495324675469,427078257247189.57944573062511834,0x0BE9e53fd7EDaC9F859882AfdDa116645287C629,0x3EC0aFc844F1ca64d11e098d50d07EbcAe39B741,0xE544d9ba27f2EAc55b6A6226436EAcD947b1f006,1635321710
-,HAS,DZD,0.000000000000031623,0.000000000000000032,0x3c0d6e1A873062274aEe53D9bA710A1B3Db80A1A,0x56938Eb82E11444310E098602a6D07f3eC2a9Aa4,0x5AC79c1ebceE7C610Bf027398f20EF75eb3552de,1624030910
N,G$,TBTI,41.83,382869012.259589905117339325,0x495d133B938596C9984d462F007B676bDc57eCEC,0xE092C6a96bed3b405Dd8690140AD4BD85D3Cfa94,0xf2C5c544EAC8175eD9F8B3f72f554E9B46552dC7,1635327640
N,LINK,BNB,0.000153983162204983,0.000012171600796499,0x0972F26e8943679b043de23df2fD3852177A7c48,0x6acb34b1Df86E254b544189Ec32Cf737e2482058,0x519F15F59Cbf2139b6E44aF4E1939285E7AccdA7,1635587155
Y,WFUSE,PXL2,1.771806849947759612,227.636141000029428279,0x0BE9e53fd7EDaC9F859882AfdDa116645287C629,0x0c61CC137BBf3C28fd3d365B8E49e1bec4138E9A,0xb5156abfbeedD4f60BEA12e182aECe310CCe2C5B,1627159635
-,PXL2,DOGE,21274728.134220168216104268,211892.824882992900030946,0x0c61CC137BBf3C28fd3d365B8E49e1bec4138E9A,0x30Fc84425dCf6F078Ed58c583D7CA68325ffaE62,0x3993164f948D70f5B64CFFb0df95a7c556e98134,1627159635
-,PXL2,SHB2,1039.740990003401469827,9618971.607957568048526317,0x0c61CC137BBf3C28fd3d365B8E49e1bec4138E9A,0x333ad0003B3E99D431cfb9128e587CAaCe679Da9,0x1e4617A583fB1fBE34C641f4DAAb318f0181c8fE,1627159400
N,WFUSE,SHB2,0.062048113484599556,59806.923580948257931302,0x0BE9e53fd7EDaC9F859882AfdDa116645287C629,0x333ad0003B3E99D431cfb9128e587CAaCe679Da9,0x3dc1FAE9B5b8fbC63678552D411b05565451C0E9,1627159400
N,WFUSE,PC,0.782475828410197879,6398.398938622212693876,0x0BE9e53fd7EDaC9F859882AfdDa116645287C629,0x66D47bb1C4Bd877a5DAFcAdED29125f4b1A59137,0x4573b544ceF1dB619C4CE73686B6688De496094D,1626876480
-,WHOL,SHB2,0.000000000000006123,0.000000000000000164,0x1A45e589b425fFb7A569Bb493449Cc5Fbda72579,0x333ad0003B3E99D431cfb9128e587CAaCe679Da9,0x0B6443f255cD6dFBcCC1B071C29E8c059760ee7a,1624130335
N,WHOL,G$,0.000001143354368961,0.01,0x1A45e589b425fFb7A569Bb493449Cc5Fbda72579,0x495d133B938596C9984d462F007B676bDc57eCEC,0x2D4167fDe424b3A41687Ee07843d52870A1D9098,1624488015
N,WBTC,BNB,0.00000001,0.00000000053652535,0x33284f95ccb7B948d9D352e1439561CF83d8d00d,0x6acb34b1Df86E254b544189Ec32Cf737e2482058,0x95812CB1717AC4840D0ad804b0a73F1d0Bd7Ce63,1624152910
N,WFUSE,DOGE,0.281754841209437361,0.356783760141272808,0x0BE9e53fd7EDaC9F859882AfdDa116645287C629,0x30Fc84425dCf6F078Ed58c583D7CA68325ffaE62,0x203AFfD18009321a724b4623A45Adb132a6374Aa,1627159635
-,EDDI,GNC,0.0000000000000001,0.00000000000001,0x17955C2140CE499828789E9a01cf9b0a1991BdfC,0xdC327929b8f366e1Ab76060897C684181f9e4047,0xED8BebE4F16f59eF4Ec9A6f050a969F090754c99,1624913535
N,WFUSE,TBTI,0.066307618981965338,1294198157375254.6042887652701846,0x0BE9e53fd7EDaC9F859882AfdDa116645287C629,0xE092C6a96bed3b405Dd8690140AD4BD85D3Cfa94,0xE8bcCC772Eb0F870c82288EBA89C745CA6C2161a,1634127290
N,MAZ,BNB,3649.024571202909208253,0.000000048754785195,0x3EC0aFc844F1ca64d11e098d50d07EbcAe39B741,0x6acb34b1Df86E254b544189Ec32Cf737e2482058,0x6F7dBC1C99A631C52985Fab620F4b5be407CA65c,1627416195
N,FUSD,MAZ,0.000000000000000001,0.000000000003520537,0x249BE57637D8B013Ad64785404b24aeBaE9B098B,0x3EC0aFc844F1ca64d11e098d50d07EbcAe39B741,0xfa70A1eB2a40e113A87A3b8AB1c12b2cFBADc186,1625770125
N,WFUSE,XCA,0.060653947270821607,82684.172998948849567929,0x0BE9e53fd7EDaC9F859882AfdDa116645287C629,0xA7378A003e32f6f638C2E2208CA136dc90d53cc7,0x08486179Ff8aA334da116f57136C7350E6260B9C,1635371820
N,WFUSE,UNI-V2,0.00000000000000073,0.000000000000001388,0x0BE9e53fd7EDaC9F859882AfdDa116645287C629,0xE544d9ba27f2EAc55b6A6226436EAcD947b1f006,0x148b273A8948B80840A51d6fDb85dB01480CDa23,1629754565
N,WFUSE,VOLT,0.000000000000000542,0.000000000000001849,0x0BE9e53fd7EDaC9F859882AfdDa116645287C629,0xD93878D3b011a96C0fF97cee984cd5c76B36Afc1,0xB4B8D109899Ae3139998585Fe2f14dB561458047,1624352320
Y,WFUSE,DEXT,2954.789561280288609493,65531.554294614010049242,0x0BE9e53fd7EDaC9F859882AfdDa116645287C629,0x92c9DD8F3C443d75949A1B46F2878cacc1089de5,0xCD0643b3B2481ee9280eADbE8b54104bfDee9bdB,1635435425
Y,WETH,USDT,0.000091651813903512,0.391284,0xa722c13135930332Eb3d749B2F0906559D2C5b99,0xFaDbBF8Ce7D5b7041bE672561bbA99f79c532e10,0x6A290c3fecfEA2C84b2B8124A2bEbfECe05FecbC,1635830445
N,GRT,FUSD,0.000000000000001095,0.000000000000000914,0x025a4c577198D116Ea499193E6D735FDb2e6E841,0x249BE57637D8B013Ad64785404b24aeBaE9B098B,0xf54fC7F4C43b5bF1ea5CFb9057B9fD779DAb138b,1624676200
N,LINK,FUSD,0.000000000000000181,0.000000000000005549,0x0972F26e8943679b043de23df2fD3852177A7c48,0x249BE57637D8B013Ad64785404b24aeBaE9B098B,0x968dfaD251D1889716308c86b9026912522F65e4,1624676215
N,FUSD,WETH,0.001439527541282922,0.000000327344447608,0x249BE57637D8B013Ad64785404b24aeBaE9B098B,0xa722c13135930332Eb3d749B2F0906559D2C5b99,0x5D46f6D21373B0949be4bEB072A668942E83428e,1635610910
N,WFUSE,DRAV,0.00000000000000013,0.000000000000007701,0x0BE9e53fd7EDaC9F859882AfdDa116645287C629,0x0fBBBF2d07ad134199C7Ad074714bc7EA67fCe3F,0x1bdC0DAb4014F1DC4726c1Edce83c32187a29933,1624622520
N,DRAV,BNB,0.000000000000675796,0.000000000000000002,0x0fBBBF2d07ad134199C7Ad074714bc7EA67fCe3F,0x6acb34b1Df86E254b544189Ec32Cf737e2482058,0x5A812017C566ac1AC5dCEedE9F9682C95C26bf8b,1624584460
Y,BNB,USDT,0.104755202942149371,60.887099,0x6acb34b1Df86E254b544189Ec32Cf737e2482058,0xFaDbBF8Ce7D5b7041bE672561bbA99f79c532e10,0x09D4b4495ea1224057E4d5bc908d3b1bC4edC09a,1635835080
N,WBTC,DEXT,0.00000001,0.000000002726772171,0x33284f95ccb7B948d9D352e1439561CF83d8d00d,0x92c9DD8F3C443d75949A1B46F2878cacc1089de5,0x6e96c5B0f310FBfb842FcFbF405CD17a746Cd7A9,1624642830
N,EDDI,G$,0.000000099642993172,0.01,0x17955C2140CE499828789E9a01cf9b0a1991BdfC,0x495d133B938596C9984d462F007B676bDc57eCEC,0x09283B13bd4DF92966262612D3C8734aDaaf8cD3,1624913555
-,VOLT,ETC,0.000000000000000197,0.000000000000005098,0xD93878D3b011a96C0fF97cee984cd5c76B36Afc1,0xf544267eE02C75661baa8ce4c0B77f7037FD7221,0xF43a3b3997F7cFBA8fFBae9fe788371326E32D85,1625011305
N,BUSD,G$,0.000000001161231946,0.01,0x026073Aee6af38223f392c157b5D2770668702e8,0x495d133B938596C9984d462F007B676bDc57eCEC,0xEB318b4B9BeEc2015Ceca267F306668006E4a9A6,1625616800
N,BUSD,FUSD,0.00000000000008231,0.000000000000000013,0x026073Aee6af38223f392c157b5D2770668702e8,0x249BE57637D8B013Ad64785404b24aeBaE9B098B,0x1Bf6a31F942B826dD58cA6997C6Da05EbC2B271B,1625864920
N,BUSD,WFUSE,0.000000000000000274,0.000000000000003676,0x026073Aee6af38223f392c157b5D2770668702e8,0x0BE9e53fd7EDaC9F859882AfdDa116645287C629,0xe76d947A99b773d07df0cd2aBfb4F5c859d8d5BB,1625525795
N,BUSD,USDT,0.00000000563316435,0.000001,0x026073Aee6af38223f392c157b5D2770668702e8,0xFaDbBF8Ce7D5b7041bE672561bbA99f79c532e10,0xA30D43dB60009e3DE4f6FA1b7Db1D654cA1F875F,1625518995
N,BUSD,USDC,0.000000036754013812,0.000001,0x026073Aee6af38223f392c157b5D2770668702e8,0x620fd5fa44BE6af63715Ef4E65DDFA0387aD13F5,0xc48aEbc2B213931D4adDa35F1899A0365d7d9162,1627052945
N,SHB,WFUSE,0.000000000000330384,0.000000000000000004,0x06F5fD5493224571e235cFf7533B09F97CFA096A,0x0BE9e53fd7EDaC9F859882AfdDa116645287C629,0x706fa95BD05Ae522926199163e6a10ADE054182b,1630033570
-,SHB,PXL,0.000000000000000981,0.00000000000000102,0x06F5fD5493224571e235cFf7533B09F97CFA096A,0xbD312953b5accC1531255d1C1C0CD7D39eCA7FC3,0x6709F1f6008e2a31515F621052aE215F48b70310,1630033495
N,WFUSE,PXL,0.000000000000000003,0.000000000000336116,0x0BE9e53fd7EDaC9F859882AfdDa116645287C629,0xbD312953b5accC1531255d1C1C0CD7D39eCA7FC3,0x4fdCD8217f2E194a8c84B060144b8B6836430D49,1630033530
-,BUSD,ADA,0.000000000000000871,0.000000000000001156,0x026073Aee6af38223f392c157b5D2770668702e8,0x28690C606805d1d52d470667a7f6FB7c604a3708,0x70aC4Ee216D53F90Ad96C61cc45Ffd7Bf2c46761,1625197515
N,DEXT,USDT,0.000000010011006666,0.000001,0x92c9DD8F3C443d75949A1B46F2878cacc1089de5,0xFaDbBF8Ce7D5b7041bE672561bbA99f79c532e10,0x260A8dF4e676bfbC05bc4B92Fcf358979152B456,1629154790
-,BUSD,DAR,0.00000000000000001,0.000000000000113076,0x026073Aee6af38223f392c157b5D2770668702e8,0x6Fc1f129EF1121DA70241aF1b47e0CbbAA7a1906,0x6BEf9D2cafEE352AC27322C35680fF361748022F,1627059205
Y,AUSD,DAI,1.000099611485324788,1.00692106318956971,0x11cB3Fd9676e98984568bcbCBa66A35A67693907,0x94Ba7A27c7A95863d1bdC7645AC2951E0cca06bA,0x1df0cF1B14361c88a69F77166c20F817341cC28f,1625968840
Y,DAI,AMMK,1.687624480219495573,2764.010291681609416681,0x94Ba7A27c7A95863d1bdC7645AC2951E0cca06bA,0x9c4432fD9d1B9564b8EbD95aF4DB96d0C9ac35ab,0x5583fe81767dFA2671DDD709Cec4ce249c983769,1625968715
N,LINK,USDC,0.000000000241424147,0.000001,0x0972F26e8943679b043de23df2fD3852177A7c48,0x620fd5fa44BE6af63715Ef4E65DDFA0387aD13F5,0xAd8BE765e0b21b35E7a0ac7380268FDE81867390,1625875625
N,GRT,BNB,0.003046242793920764,0.000007940920243235,0x025a4c577198D116Ea499193E6D735FDb2e6E841,0x6acb34b1Df86E254b544189Ec32Cf737e2482058,0xA9Bd9855EFeB9142Ccc795C72f83360A681A0f8E,1635325135
Y,WFUSE,SLO,1.33951276620904666,750752656.778309992720292011,0x0BE9e53fd7EDaC9F859882AfdDa116645287C629,0x2273414dBD1F78725B4a27bd27ace55db6aA707a,0xcc9A7Fac7B9980642c83a7eA21025572489924E8,1625583140
N,WFUSE,ALIX,0.000000000000000425,0.000000000000002355,0x0BE9e53fd7EDaC9F859882AfdDa116645287C629,0x3946977dE1Cc73ae2e09B6D0aC73c1695baB641b,0x74f5d8584Aef66d0D303ebC3993A833A65c2D93d,1626969780
Y,WFUSE,SWT,1.0,555.0,0x0BE9e53fd7EDaC9F859882AfdDa116645287C629,0x523bF7E26bc5Cc16f9899F89fC9265ec2147eCf9,0xf5ab7a998222477Cd320Cb4A92CDCE61D70Ad115,1625636555
N,FUSD,XUSD,0.000000000000001049,0.000000000000000959,0x249BE57637D8B013Ad64785404b24aeBaE9B098B,0x7bB372fb0Ac987bA21a7D8066AA2B9D5Ec478802,0x07Cb6e6C54E90B17aEce42f7AD781b0DfdEc8609,1627346815
-,XUSD,ALB,1000.000000000000000099,99998.319323145564686178,0x7bB372fb0Ac987bA21a7D8066AA2B9D5Ec478802,0xc1150C1BF2a5947A7b92F7810482471C38846843,0x3FBe8513115301fD6Ad923C08Ab60CdFdd915354,1626090575
-,MALK,XUSD,99997.469216980736722824,1000.000000000000000099,0x63a99AB6fF105963AEC1Af1228C1444342Aa974B,0x7bB372fb0Ac987bA21a7D8066AA2B9D5Ec478802,0x2f5251f7CCA0Df44FC9Da5d3680D7c9F8e9526DC,1626090625
-,AUSD,AMMK,0.000000000000000025,0.000000000000040559,0x11cB3Fd9676e98984568bcbCBa66A35A67693907,0x9c4432fD9d1B9564b8EbD95aF4DB96d0C9ac35ab,0x31dd2beF9b361B090CDe72b39c962234350f63fC,1627343420
N,XUSD,USDT,0.000000000976341537,0.000001,0x7bB372fb0Ac987bA21a7D8066AA2B9D5Ec478802,0xFaDbBF8Ce7D5b7041bE672561bbA99f79c532e10,0x88840978dFED68B4BA838029e8e3854268DEC566,1627346240
N,USDC,XUSD,0.000001,0.000000000901317756,0x620fd5fa44BE6af63715Ef4E65DDFA0387aD13F5,0x7bB372fb0Ac987bA21a7D8066AA2B9D5Ec478802,0x4BA089F8AbE786fa0D2D1e8faB28BEe2edE05445,1627346870
N,WFUSE,PAX,0.000000000000004564,0.00000000000000022,0x0BE9e53fd7EDaC9F859882AfdDa116645287C629,0xfDd1157aAfadc4ecdbA8801de2b5212445cD321d,0x75e611D44aAEaA77dB317ecDd64c877529303063,1626942240
-,MALK,ALB,10000.000000000000001,10000.000000000000001,0x63a99AB6fF105963AEC1Af1228C1444342Aa974B,0xc1150C1BF2a5947A7b92F7810482471C38846843,0x06850AdF44982b86C6bc6C11C7966b7A9c6f1c26,1626090680
-,XUSD,XBTC,658279.740881136133635688,19.969894299218507786,0x7bB372fb0Ac987bA21a7D8066AA2B9D5Ec478802,0xdB5702DAB8dAE06790300a3dB5b7724Ddf7B1E33,0x10618B0c5b373369Fa13d82644eB98521E582f15,1626121850
-,XUSD,XETH,210000.36957893293600081,104.778912577716230773,0x7bB372fb0Ac987bA21a7D8066AA2B9D5Ec478802,0xd70e085E954c273AD7A3063C3C714fFA1bd4F61E,0x647264F6DD4A38dB711B5C301cEd127Ec7Af500A,1626122205
-,LOV,XUSD,1001000.00000000000002,99.900699305195739831,0x05CEC03eb49A684a0e8978928B6fE3456F71c6E0,0x7bB372fb0Ac987bA21a7D8066AA2B9D5Ec478802,0xc7408C0d85Fe55a8f95f6Bfd8683Ae0b64954458,1626103785
-,LOV,DAR,1025.718180181570352082,9750000.0,0x05CEC03eb49A684a0e8978928B6fE3456F71c6E0,0x6Fc1f129EF1121DA70241aF1b47e0CbbAA7a1906,0x1237B32e6a5CE72129b9b68e9eeD9E44930524CE,1626096510
N,WFUSE,PECE,0.070887217425397069,1441.867915995702392815,0x0BE9e53fd7EDaC9F859882AfdDa116645287C629,0x2365e95F567A26a73Efd209214Bb9B4EbC0F4151,0x1F76b9af0dff5eB1863078A5Af887Fe6b6E476BE,1633785795
N,PECE,G$,9419.616022469753763753,218.0,0x2365e95F567A26a73Efd209214Bb9B4EbC0F4151,0x495d133B938596C9984d462F007B676bDc57eCEC,0xb3dEecb8C42E2C71f7fB0f7c215AF4897726d9fa,1633785795
N,G$,UNI-V2,0.67,1.494220397907878312,0x495d133B938596C9984d462F007B676bDc57eCEC,0xE8bcCC772Eb0F870c82288EBA89C745CA6C2161a,0x31313d1e6b0862D2F18eA88c64b14a0C6E7CdAF3,1631134450
Y,WFUSE,DEXTN,420269.726167352156087968,87764.301953300253221254,0x0BE9e53fd7EDaC9F859882AfdDa116645287C629,0x2f60a843302F1Be3FA87429CA9d684f9091b003c,0xB0be7E3FD2602efee82348D69767B340514fFb77,1635541050
N,WFUSE,SHA,0.000001413809944689,0.000008004896980929,0x0BE9e53fd7EDaC9F859882AfdDa116645287C629,0x295aB3BF3D1e06c4dd2450dbA77f23D8A71f6e7F,0x1f7434Cc806629b7d643c2D71B8D665a3eB897B5,1627153870
-,PEQ,BIT,1.0,100.0,0x31C83Fd5a377050D2719132111A8c4643fc7955a,0xb879680f63616b5A1FaE7CB08da8614607920d69,0xa5b62569A7DE0d3C25963e9ca261319f2B1CCdf7,1627338270
N,G$,UNI-V2,20.0,20.0,0x495d133B938596C9984d462F007B676bDc57eCEC,0xE544d9ba27f2EAc55b6A6226436EAcD947b1f006,0xE99c6B479F46C4b39E560B430fC08f7f3b0e608F,1627413405
N,G$,OFUSE,0.88,0.000000000113677396,0x495d133B938596C9984d462F007B676bDc57eCEC,0x52938DF51d3b054a038b5F95e5E3E4fa211f8725,0x8574AFC2B38D75884EE69d40105A876914D4850e,1627415460
Y,WFUSE,SCM,1.078633948793749671,927304.715619080211851067,0x0BE9e53fd7EDaC9F859882AfdDa116645287C629,0xb36E4F2ca86E99e0350eAc787a3024fc8Dedeef9,0xAD41a41677603425A3E6eecD0BDA0D5f89605DdB,1627704000
-,MAZ,UNI-V2,11611277.408573603775109391,1867760.200367304834850829,0x3EC0aFc844F1ca64d11e098d50d07EbcAe39B741,0xE544d9ba27f2EAc55b6A6226436EAcD947b1f006,0x637B8d91Ca507fbFE251F78d883414CDeEeb344e,1627938375
Y,WFUSE,FPKR,3.233102971460840953,52572084083.128256640700856328,0x0BE9e53fd7EDaC9F859882AfdDa116645287C629,0x71856bF77791B51D7cf49127745e0D0807B708b5,0x818879f82E69EB7604c76437Bf12DA4592006D7c,1628737200
Y,WFUSE,DOGG,5.266231010615220942,4.762562774846508101,0x0BE9e53fd7EDaC9F859882AfdDa116645287C629,0x6aEe859e979660c37b66eC63234aA69ADaecdC8b,0x6543B02A0D0dc6DaA36BB2bcefea35E6c744773C,1635810450
Y,G$,DOGG,2136.31,3.816417621016622701,0x495d133B938596C9984d462F007B676bDc57eCEC,0x6aEe859e979660c37b66eC63234aA69ADaecdC8b,0x326BB0C4422fa5e3065332664d0d59cEfC37AA5e,1635810450
N,FUSD,DOGG,0.000000000000000272,0.000000000000003682,0x249BE57637D8B013Ad64785404b24aeBaE9B098B,0x6aEe859e979660c37b66eC63234aA69ADaecdC8b,0xb06d038b18a1e57698aF30f66ba7aC1d32c389D6,1628530970
N,WFUSE,OFUSE,0.000000000002343762,0.000000000000000001,0x0BE9e53fd7EDaC9F859882AfdDa116645287C629,0x52938DF51d3b054a038b5F95e5E3E4fa211f8725,0xe80E529F05c1DF66Fd5E67e65D47646dedb6d33F,1628665615
-,AAA,ELY,389603.247020126921644563,433570.02800970149253731,0x5471AeE410d30EE4b5Db8C937903f395cA4150Be,0xCCd714b8C96E3D8A3EBA5A8Aa08891692CC0c557,0x435aCe0d61a16489fc14Dd4fe3ED5D8BB132c33c,1629045920
Y,WFUSE,IBU,2.201668499154676443,36.346350102701316484,0x0BE9e53fd7EDaC9F859882AfdDa116645287C629,0x5DE63E598b59282a29c38960d35Dac7bA7Acc417,0x3513006f0c54cfEa7Cd5b39e9e60180C1a219eE5,1628856330
Y,WFUSE,IQ,122.248738039023693961,7497.61357381775118954,0x0BE9e53fd7EDaC9F859882AfdDa116645287C629,0x29738cfc748D9e0Ae102D55361181b4F71c89ADd,0x7F61E96bbCBD213fBD6F23C1C3fB788727c7CC3B,1635834620
N,BNB,DAI,0.000000000000000046,0.000000000000022707,0x6acb34b1Df86E254b544189Ec32Cf737e2482058,0x94Ba7A27c7A95863d1bdC7645AC2951E0cca06bA,0x41E9605C59f7636c01089e04BD5f241401A03873,1630566985
Y,WFUSE,TRG,254.089979686940520868,15.802277053784869122,0x0BE9e53fd7EDaC9F859882AfdDa116645287C629,0xc30B7564441203C0E7bA964f8D2E8A2669666C6d,0x3B02f9da168E7bB9B5273C6f0120BbFd5ad0BcB6,1635835155
Y,WFUSE,ME1,15.942898471563544467,767042.194198161604178742,0x0BE9e53fd7EDaC9F859882AfdDa116645287C629,0xfcf47288153807779798258571Dc59294B676292,0x6c88e6A44fb1193C31A7129885Cf8AE53f2D08E4,1630143495
Y,FUSD,TRG,5.325508090327953292,3.77584810053237883,0x249BE57637D8B013Ad64785404b24aeBaE9B098B,0xc30B7564441203C0E7bA964f8D2E8A2669666C6d,0xA5BC3E3730c9C5869F01994BBAB68b639017571D,1635835155
N,DAI,TRG,0.039146541774098482,0.025648964339592575,0x94Ba7A27c7A95863d1bdC7645AC2951E0cca06bA,0xc30B7564441203C0E7bA964f8D2E8A2669666C6d,0x105d2c77B62f4bb50eC492BBE1C6235bB1043dBF,1635192170
-,AAA,GOLD,103999.87499546542140184,96165.05804370485055968,0x5471AeE410d30EE4b5Db8C937903f395cA4150Be,0xf0382B25E5b66Bd49c34F22Ac76318141F182395,0x202D0A6635A86A0683e1b56D4cC73674f6c3013b,1629148765
-,ELY,GOLD,15000.0,10000.0,0xCCd714b8C96E3D8A3EBA5A8Aa08891692CC0c557,0xf0382B25E5b66Bd49c34F22Ac76318141F182395,0x1b5317702189c188b95c65C9bc749d51559c57BC,1628993130
-,UNI-V2,GOLD,95251.702624184407296281,105000.0,0x435aCe0d61a16489fc14Dd4fe3ED5D8BB132c33c,0xf0382B25E5b66Bd49c34F22Ac76318141F182395,0xc769C79c9bbdAb140fEf2DA21860c122f84969C7,1629047565
-,ATC,GOLD,200000.0,400000.0,0x0D3C95D9F53e24A5B72ddFD3eB144f51bAc9d1D9,0xf0382B25E5b66Bd49c34F22Ac76318141F182395,0x8f79eB57a44b11AcB4BF376Ca40988F5454b9527,1629048080
Y,IQ,USDC,5633.285077081380205585,8.233223,0x29738cfc748D9e0Ae102D55361181b4F71c89ADd,0x620fd5fa44BE6af63715Ef4E65DDFA0387aD13F5,0x9C8E84A3d6164D976b7160C1D605D0D20c758C4c,1635834620
Y,WFUSE,FLAM,1.260113952244196174,0.794117026241844073,0x0BE9e53fd7EDaC9F859882AfdDa116645287C629,0xEbf48A615BF232960B5Ac5E1A957B3b687C2f8FB,0x526C4dCaC2Abe50586bAA29b36EFcAa3AA87e2bB,1629144380
N,WFUSE,BAC,0.433817773841167493,215.422753563640401139,0x0BE9e53fd7EDaC9F859882AfdDa116645287C629,0xe7f3187a7ea4B9d935e5Cd2ac227521086EAF407,0x3483cBc3AA6726FAE156C2e56533b771EF494455,1630800740
N,G$+,G$,0.000000100991238776,0.01,0x0e9174059c3ef40c8bD441827A181AC90129F03C,0x495d133B938596C9984d462F007B676bDc57eCEC,0xE56a9E1e7e2728A982861828d77A87Ae948a6b6b,1634249480
Y,WFUSE,AHN,126.339920795897652777,1394.755029406451541172,0x0BE9e53fd7EDaC9F859882AfdDa116645287C629,0x556C251cbE046BB34c333922cBfa220CC2C5E306,0xd2f5e194e16D189F60b1127301595e2704A4e6f6,1635832125
N,AHN,WETH,0.458381584078010713,0.00000095246184392,0x556C251cbE046BB34c333922cBfa220CC2C5E306,0xa722c13135930332Eb3d749B2F0906559D2C5b99,0x9A90A4Af39f076Baddf45A68E36D7Cf1D4bE1fD7,1633245080
N,3+A,USDT,0.000000000173205081,0.000001,0x2aA10276e29164Aa449bA8fCf1Ae3CDc318075e5,0xFaDbBF8Ce7D5b7041bE672561bbA99f79c532e10,0xf4c51B39B91E9feB99f2EfB889f9891c50Dd5CAd,1629813555
N,WFUSE,UNI-V2,0.705648,7800823.958223238330557021,0x0BE9e53fd7EDaC9F859882AfdDa116645287C629,0xE8bcCC772Eb0F870c82288EBA89C745CA6C2161a,0x24273c2F844E39a04b00D891A585E04C45e9C829,1634896560
Y,WFUSE,MMT,18.0,18.0,0x0BE9e53fd7EDaC9F859882AfdDa116645287C629,0x7F4EC6EA2878034b2e73fdf26B7bAa3fd2D74844,0x6da82C2670caAf23b5499923Fca7250819C40d7B,1629996710
Y,WFUSE,MED,1.126532367012128547,0.88799,0x0BE9e53fd7EDaC9F859882AfdDa116645287C629,0x80771B8532828fA7372eF630d8604A74A4135342,0xa0355C08C08Ba2a60c20937cc7eB47310EDE4be5,1630143595
N,FUSD,AHN,0.025797917490102912,3.065527063051705016,0x249BE57637D8B013Ad64785404b24aeBaE9B098B,0x556C251cbE046BB34c333922cBfa220CC2C5E306,0xf76c7c44f6d78a2A4dcacA99e99E9baBcf13486A,1635825985
N,GAMB,WETH,0.000000000000012038,0.000000000000000084,0x3738E6aD1D05a003Be577EE2D64DB76B207385d2,0xa722c13135930332Eb3d749B2F0906559D2C5b99,0x7478B8FeaA338AE0F691b3a3353FFaA04e94de52,1631800320
N,WFUSE,GAMB,0.123387401646429174,0.000443608119956922,0x0BE9e53fd7EDaC9F859882AfdDa116645287C629,0x3738E6aD1D05a003Be577EE2D64DB76B207385d2,0xf39f759B9c74D46a09E888cEac6d539487D9fD71,1633812670
N,GAMB,G$,0.00014290036467857,18.68,0x3738E6aD1D05a003Be577EE2D64DB76B207385d2,0x495d133B938596C9984d462F007B676bDc57eCEC,0xF1a94bf3478585AF8BFd47F7eCe20F618140F246,1633812670
N,WBTC,GAMB,0.00000001,0.00000000185526597,0x33284f95ccb7B948d9D352e1439561CF83d8d00d,0x3738E6aD1D05a003Be577EE2D64DB76B207385d2,0x663e02dbBd7C3055951598a1532de56515D8B06d,1630704885
N,GAMB,OM,0.000127451228752155,0.01527580561124203,0x3738E6aD1D05a003Be577EE2D64DB76B207385d2,0x7F59aE3a787C0d1D640F99883d0e48c22188C54f,0xA28d4c131581B1F701441E72AF4495e651E0253C,1633796685
N,DEXTN,GAMB,0.006066234325155946,0.000107770786198802,0x2f60a843302F1Be3FA87429CA9d684f9091b003c,0x3738E6aD1D05a003Be577EE2D64DB76B207385d2,0xccdd1317A48eB63252942244082f36Ae6d75dC07,1633796695
N,DEXTN,BNB,0.001032932559784142,0.000001632390903696,0x2f60a843302F1Be3FA87429CA9d684f9091b003c,0x6acb34b1Df86E254b544189Ec32Cf737e2482058,0xc7DF0b16CaA405E435EaC02566808FF06d90C571,1630567640
-,GAMB,THA,8.329533958377191704,1.000056118863979506,0x3738E6aD1D05a003Be577EE2D64DB76B207385d2,0xF3424D193915A3Eb3B902537e6ee4D53D49A3f81,0xC57bce6a08D1744b4502e4b05e9CE9cCC068202D,1633796775
N,WFUSE,THA,0.442325468362012441,0.000192741854935625,0x0BE9e53fd7EDaC9F859882AfdDa116645287C629,0xF3424D193915A3Eb3B902537e6ee4D53D49A3f81,0xB664BA4f97afADCf4683A4F77a1Da2487Bb64093,1633796775
N,WBTC,THA,0.00000001,0.000000001985809059,0x33284f95ccb7B948d9D352e1439561CF83d8d00d,0xF3424D193915A3Eb3B902537e6ee4D53D49A3f81,0x8AF2dC57d775Eb98fa41e8d098C5e102CAAca033,1631800045
N,G$,BAC,5.0,5.0,0x495d133B938596C9984d462F007B676bDc57eCEC,0xe7f3187a7ea4B9d935e5Cd2ac227521086EAF407,0x5F24f0F67f0d1EEAE386eEe1F8fcA08eA686C2e7,1630800600
N,WFUSE,TOT,0.000000000000000014,0.000000000000073659,0x0BE9e53fd7EDaC9F859882AfdDa116645287C629,0x7b18898eA9c99b31CA616e8e87c0313eDdc9b1a6,0xc95E95C9BA7922426019EBE25AC51D870059FC3a,1632583145
N,WETH,TBTI,0.000000000000000001,19167482.059898795181393084,0xa722c13135930332Eb3d749B2F0906559D2C5b99,0xE092C6a96bed3b405Dd8690140AD4BD85D3Cfa94,0xd3E68bA4E91dD3ad6c091322e8978f56031aac1f,1635327640
N,WFUSE,BDC,0.513590319876216683,0.486808519397807974,0x0BE9e53fd7EDaC9F859882AfdDa116645287C629,0x6041d01db895188783Ef55aefAc75C66BB3fF1d4,0xeEdBd27f17c942a06df5d3C13efE73C3e9827cC4,1631434645
N,FUSD,DAI,0.000000000000001124,0.000000000000000891,0x249BE57637D8B013Ad64785404b24aeBaE9B098B,0x94Ba7A27c7A95863d1bdC7645AC2951E0cca06bA,0x1181759E2aeAA354FFC8Dd64509dbA8608FCe14D,1631742815
Y,P1SO,G$,14.640213919273346224,1649.03,0x22C2Ed4be054456b4e92A93B36BDaF6dA392A646,0x495d133B938596C9984d462F007B676bDc57eCEC,0x301Fc51f4EBBDA7BdfBCB1B30FfA0FEEbe1ef9A7,1635813055
N,WFUSE,P1SO,0.211051202117800077,0.969555602348577945,0x0BE9e53fd7EDaC9F859882AfdDa116645287C629,0x22C2Ed4be054456b4e92A93B36BDaF6dA392A646,0x8e6E78312e15cCBCF1FB1a02c9353A14dE15E29d,1635362885
Y,WFUSE,SAND,1.151012416988572155,181.648745914987537801,0x0BE9e53fd7EDaC9F859882AfdDa116645287C629,0xE0A62FE6E24E2CD108Abe822aD1aA127ca5e5627,0x86daC9F7896c816bAaa245929EfA5dA1889e6E46,1631801750
-,SAND,THA,200.00252380276632432,4.999900246123424355,0xE0A62FE6E24E2CD108Abe822aD1aA127ca5e5627,0xF3424D193915A3Eb3B902537e6ee4D53D49A3f81,0x6fcf7590e21515603B497469c431DDe685B08db4,1631800085
-,GAMB,SAND,3319.979141119546640004,99599374.233586399200130915,0x3738E6aD1D05a003Be577EE2D64DB76B207385d2,0xE0A62FE6E24E2CD108Abe822aD1aA127ca5e5627,0x9dcCA9BB91d414EA54f2714C869529E6f5cBb2ed,1631800690
N,FUSD,SAND,0.010924566380086767,17.979212,0x249BE57637D8B013Ad64785404b24aeBaE9B098B,0xE0A62FE6E24E2CD108Abe822aD1aA127ca5e5627,0xb84FE84239223E9009bc1b8A746C3bF8675c518A,1631801080
N,WETH,SAND,0.000000000000000001,0.000000000002375797,0xa722c13135930332Eb3d749B2F0906559D2C5b99,0xE0A62FE6E24E2CD108Abe822aD1aA127ca5e5627,0x5baD607d3C57FDa9a90F25645f74926bbC7053BC,1632062375
N,WBTC,SAND,0.00000001,0.000000914578227034,0x33284f95ccb7B948d9D352e1439561CF83d8d00d,0xE0A62FE6E24E2CD108Abe822aD1aA127ca5e5627,0xb82dF8DC88f56dd10BF0E5510B721A0Ab384310c,1632062050
N,BNB,SAND,0.000071807041648581,106.546766665035882579,0x6acb34b1Df86E254b544189Ec32Cf737e2482058,0xE0A62FE6E24E2CD108Abe822aD1aA127ca5e5627,0x04EaD62d188FF16eBaAa18b8F6B1c25D233610B4,1632062585
N,GAMB,DAI,0.000000601351,0.000110174716160542,0x3738E6aD1D05a003Be577EE2D64DB76B207385d2,0x94Ba7A27c7A95863d1bdC7645AC2951E0cca06bA,0x163270A969F1309cBC6C296FCF0438E65f3fCE76,1631801565
N,WFUSE,SLE,0.00105278994879375,0.00095,0x0BE9e53fd7EDaC9F859882AfdDa116645287C629,0x617B20d057255338d5c7C4E10a78CE826F50DF3C,0xD21701954acCb0F34C99113Ff91E4EF9E608c113,1631965060
Y,FUSD,USDT,5.870538548106638685,6.188723,0x249BE57637D8B013Ad64785404b24aeBaE9B098B,0xFaDbBF8Ce7D5b7041bE672561bbA99f79c532e10,0xA5F5B75C9c32fcD119A8CAbd833838046b7F708f,1635835070
Y,AHN,BNB,186.626212830800166541,0.002703938924438562,0x556C251cbE046BB34c333922cBfa220CC2C5E306,0x6acb34b1Df86E254b544189Ec32Cf737e2482058,0xb941B4f7A7cfC082245E35bD3DEbe4e7a64891bd,1635832125
N,KNC,USDT,0.000000089727076085,0.000001,0x43B17749B246fd2a96DE25d9e4184E27E09765b0,0xFaDbBF8Ce7D5b7041bE672561bbA99f79c532e10,0x76c6EA4F09eb4F24fC3d8d7bD39A440c0E2a7da2,1635093910
N,USDC,BNB,0.094435,0.000169406969610261,0x620fd5fa44BE6af63715Ef4E65DDFA0387aD13F5,0x6acb34b1Df86E254b544189Ec32Cf737e2482058,0x4F3F596B345B372ba04661a17bC98f05F152cB4f,1635826170
N,USDT,NTN,0.000001,0.000000003716539378,0xFaDbBF8Ce7D5b7041bE672561bbA99f79c532e10,0xfD01879007770F493Ee337BB8d8ABb1C51cA362b,0x456398f1c4da200C0C60562176560631eDE3d41f,1635411770
N,DEXT,NTN,0.00000000000000212,0.000000000000000472,0x92c9DD8F3C443d75949A1B46F2878cacc1089de5,0xfD01879007770F493Ee337BB8d8ABb1C51cA362b,0x03B4b5f705868269397E548Bab88FEa620358159,1635411750
-,ETC,NTN,0.000000000000000317,0.000000000000003163,0xf544267eE02C75661baa8ce4c0B77f7037FD7221,0xfD01879007770F493Ee337BB8d8ABb1C51cA362b,0x28367872F4fB136fcFe08f4F0887781144860462,1635411725
N,DAI,NTN,0.000000000000000301,0.00000000000000333,0x94Ba7A27c7A95863d1bdC7645AC2951E0cca06bA,0xfD01879007770F493Ee337BB8d8ABb1C51cA362b,0x5508c8D0902EEAEB5701bAD7d6cCd9b796b9CD05,1635411695
Y,FUSD,EDV,1.0,1.0,0x249BE57637D8B013Ad64785404b24aeBaE9B098B,0x933daE44BD17F7a2CA4De14b9E4270428143EDD5,0xa72b82597F1E40Bd416D0fE77F82813D80778249,1635497925
Y,WFUSE,SUSUWATARI,907.0,664287002741.462636026,0x0BE9e53fd7EDaC9F859882AfdDa116645287C629,0xC4aae8CE53a612ed00c746e6de9421e9E81aEfdc,0xd64fde06FB3dF28719f3dfBD0d53215D94FA7711,1635761835
